-- ============================================================
-- 製造業テンプレート
-- ============================================================
INSERT INTO public.global_skill_templates (id, industry_type, name, description)
VALUES ('00000000-0001-0000-0000-000000000001', 'manufacturing', '製造業スタンダード', '多能工管理・工程担当可否を管理するテンプレート');

-- 習熟度定義（製造業: 4段階）
INSERT INTO public.global_proficiency_defs (template_id, level, label, color_hex) VALUES
('00000000-0001-0000-0000-000000000001', 4, '独力OK',  '#16a34a'),
('00000000-0001-0000-0000-000000000001', 3, '指導あり', '#ca8a04'),
('00000000-0001-0000-0000-000000000001', 2, '見習い',  '#ea580c'),
('00000000-0001-0000-0000-000000000001', 1, '未習得',  '#e5e7eb');

-- カテゴリ
INSERT INTO public.global_skill_categories (id, template_id, name, sort_order) VALUES
('00000000-0001-0001-0000-000000000001', '00000000-0001-0000-0000-000000000001', '機械操作', 1),
('00000000-0001-0001-0000-000000000002', '00000000-0001-0000-0000-000000000001', '品質管理', 2),
('00000000-0001-0001-0000-000000000003', '00000000-0001-0000-0000-000000000001', '安全管理', 3);

-- スキル（機械操作）
INSERT INTO public.global_skills (template_id, category_id, name, sort_order) VALUES
('00000000-0001-0000-0000-000000000001', '00000000-0001-0001-0000-000000000001', '旋盤', 1),
('00000000-0001-0000-0000-000000000001', '00000000-0001-0001-0000-000000000001', 'フライス盤', 2),
('00000000-0001-0000-0000-000000000001', '00000000-0001-0001-0000-000000000001', '溶接（アーク）', 3),
('00000000-0001-0000-0000-000000000001', '00000000-0001-0001-0000-000000000001', '溶接（TIG）', 4),
('00000000-0001-0000-0000-000000000001', '00000000-0001-0001-0000-000000000001', 'フォークリフト', 5);

-- スキル（品質管理）
INSERT INTO public.global_skills (template_id, category_id, name, sort_order) VALUES
('00000000-0001-0000-0000-000000000001', '00000000-0001-0001-0000-000000000002', '外観検査', 1),
('00000000-0001-0000-0000-000000000001', '00000000-0001-0001-0000-000000000002', '寸法測定', 2),
('00000000-0001-0000-0000-000000000001', '00000000-0001-0001-0000-000000000002', 'ISO内部監査', 3);

-- スキル（安全管理）
INSERT INTO public.global_skills (template_id, category_id, name, sort_order) VALUES
('00000000-0001-0000-0000-000000000001', '00000000-0001-0001-0000-000000000003', '危険予知活動（KY）', 1),
('00000000-0001-0000-0000-000000000001', '00000000-0001-0001-0000-000000000003', '化学物質管理', 2);

-- ============================================================
-- ITテンプレート
-- ============================================================
INSERT INTO public.global_skill_templates (id, industry_type, name, description)
VALUES ('00000000-0002-0000-0000-000000000001', 'it', 'ITエンジニア標準', 'プログラミング言語・フレームワーク・資格を管理するテンプレート');

-- 習熟度定義（IT: 5段階）
INSERT INTO public.global_proficiency_defs (template_id, level, label, color_hex) VALUES
('00000000-0002-0000-0000-000000000001', 5, '専門家',   '#1d4ed8'),
('00000000-0002-0000-0000-000000000001', 4, '上級',     '#2563eb'),
('00000000-0002-0000-0000-000000000001', 3, '中級',     '#3b82f6'),
('00000000-0002-0000-0000-000000000001', 2, '初級',     '#93c5fd'),
('00000000-0002-0000-0000-000000000001', 1, '未経験',   '#e5e7eb');

-- カテゴリ
INSERT INTO public.global_skill_categories (id, template_id, name, sort_order) VALUES
('00000000-0002-0001-0000-000000000001', '00000000-0002-0000-0000-000000000001', 'バックエンド', 1),
('00000000-0002-0001-0000-000000000002', '00000000-0002-0000-0000-000000000001', 'フロントエンド', 2),
('00000000-0002-0001-0000-000000000003', '00000000-0002-0000-0000-000000000001', 'インフラ・クラウド', 3),
('00000000-0002-0001-0000-000000000004', '00000000-0002-0000-0000-000000000001', 'AI・データ', 4);

-- スキル（バックエンド）
INSERT INTO public.global_skills (template_id, category_id, name, sort_order) VALUES
('00000000-0002-0000-0000-000000000001', '00000000-0002-0001-0000-000000000001', 'TypeScript', 1),
('00000000-0002-0000-0000-000000000001', '00000000-0002-0001-0000-000000000001', 'Python', 2),
('00000000-0002-0000-0000-000000000001', '00000000-0002-0001-0000-000000000001', 'Go', 3),
('00000000-0002-0000-0000-000000000001', '00000000-0002-0001-0000-000000000001', 'Node.js', 4),
('00000000-0002-0000-0000-000000000001', '00000000-0002-0001-0000-000000000001', 'PostgreSQL', 5);

-- スキル（フロントエンド）
INSERT INTO public.global_skills (template_id, category_id, name, sort_order) VALUES
('00000000-0002-0000-0000-000000000001', '00000000-0002-0001-0000-000000000002', 'React', 1),
('00000000-0002-0000-0000-000000000001', '00000000-0002-0001-0000-000000000002', 'Next.js', 2),
('00000000-0002-0000-0000-000000000001', '00000000-0002-0001-0000-000000000002', 'Tailwind CSS', 3);

-- スキル（インフラ・クラウド）
INSERT INTO public.global_skills (template_id, category_id, name, sort_order) VALUES
('00000000-0002-0000-0000-000000000001', '00000000-0002-0001-0000-000000000003', 'AWS', 1),
('00000000-0002-0000-0000-000000000001', '00000000-0002-0001-0000-000000000003', 'GCP', 2),
('00000000-0002-0000-0000-000000000001', '00000000-0002-0001-0000-000000000003', 'Docker', 3),
('00000000-0002-0000-0000-000000000001', '00000000-0002-0001-0000-000000000003', 'Terraform', 4);

-- スキル（AI・データ）
INSERT INTO public.global_skills (template_id, category_id, name, sort_order) VALUES
('00000000-0002-0000-0000-000000000001', '00000000-0002-0001-0000-000000000004', '機械学習（scikit-learn）', 1),
('00000000-0002-0000-0000-000000000001', '00000000-0002-0001-0000-000000000004', 'LLMアプリ開発', 2),
('00000000-0002-0000-0000-000000000001', '00000000-0002-0001-0000-000000000004', 'データ分析（pandas）', 3);
